{"cameraMode":{"drawMode":0,"name":"Shaded","section":"Shading Mode"},"sceneLighting":false,"audioPlay":false,"sceneViewState":{"m_AlwaysRefresh":false,"showFog":true,"showSkybox":false,"showFlares":true,"showImageEffects":true,"showParticleSystems":true,"showVisualEffectGraphs":true,"m_FxEnabled":false},"in2DMode":false,"pivot":{"x":-0.004270719364285469,"y":-0.005772650241851807,"z":0.23787476122379304},"rotation":{"x":-0.603004515171051,"y":0.04229744151234627,"z":-0.03205464407801628,"w":-0.7960031628608704},"size":0.9247450232505798,"orthographic":false}